surface,budget,rays,mean_queries,peak_queries,unresolved_fraction,reference_unresolved_fraction,hit_disagreement_fraction,depth_image_mae,mean_frame_ms,peak_frame_ms,inside_fraction
cosine,8,767376,7.945907,8,0.910521,0.000188,0.892776,0.703982,2.346,5.507,0.583333
cosine,12,767376,11.299731,12,0.737992,0.000188,0.720247,0.547984,3.331,6.000,0.583333
cosine,16,767376,14.071618,16,0.615802,0.000188,0.598058,0.439758,4.105,5.985,0.583333
cosine,24,767376,18.233689,24,0.402821,0.000188,0.385576,0.266291,5.266,7.704,0.583333
cosine,1024,767376,28.563118,1024,0.000188,0.000188,0.000000,0.000000,7.814,11.943,0.583333
gyroid,8,767376,7.302548,8,0.897643,0.002615,0.890282,0.760273,2.713,4.990,0.500000
gyroid,12,767376,10.893121,12,0.897643,0.002615,0.890282,0.760273,3.984,6.200,0.500000
gyroid,16,767376,14.479911,16,0.886131,0.002615,0.878770,0.748882,5.277,7.851,0.500000
gyroid,24,767376,21.358318,24,0.824248,0.002615,0.816886,0.688380,7.624,10.798,0.500000
gyroid,1024,767376,63.217649,1024,0.002615,0.002615,0.000000,0.000000,20.562,54.913,0.500000
