field,frame,changed_pixels,coverage_changed,lit,hard,max_channel,mae,rmse,global_ssim,grow_frame,dissolve_frame

evolved,1,63,0,3143,0,1,0.000514403,0.022680461,0.999999999996,1,-1

evolved,4,109,0,4938,0,1,0.000892168,0.029869185,0.999999999995,4,-1

evolved,16,164,0,8053,0,1,0.001326196,0.036416974,0.999999999994,16,-1

evolved,40,280,0,13989,0,1,0.002258552,0.047524225,0.999999999993,40,-1

evolved,160,526,0,27917,0,2,0.004251865,0.065452387,0.999999999990,160,-1

evolved,320,535,0,30478,0,1,0.004324203,0.065758670,0.999999999990,320,-1

evolved,490,205,0,9436,0,1,0.001655736,0.040690731,0.999999999994,35,-1

evolved,700,578,0,30982,0,1,0.004669817,0.068336062,0.999999999990,245,-1

evolved,1000,324,0,22224,0,1,0.002620242,0.051188297,0.999999999990,91,-1

evolved,1600,488,0,30832,0,1,0.003954475,0.062884619,0.999999999983,308,-1

evolved,2000,440,0,30357,0,2,0.003592785,0.060073793,0.999999999983,273,-1

synthetic,0,0,0,41472,0,0,0.000000000,0.000000000,1.000000000000,273,-1

synthetic,1,97,0,33261,0,1,0.000787680,0.028065638,0.999999999969,273,-1

synthetic,2,33,0,21265,0,2,0.000289352,0.017476469,1.000000000000,273,-1

synthetic,3,137,0,34932,0,1,0.001101145,0.033183498,0.999999999960,273,-1
