corner,a_float_hash,b_float_hash,changed,max_absolute,max_q16,bad_range
0,d28ffa7c724481b2,7963193a147479d0,0,0,0,0
1,3ba8d37a62f15290,1e648cd510883210,0,0,0,0
2,d28ffa7c724481b2,1e648cd510883210,0,0,0,0
3,3ba8d37a62f15290,76bccd128fe50959,0,0,0,0
4,8085f99ed173bb83,7963193a147479d0,0,0,0,0
5,7d04cda277339e94,1e648cd510883210,0,0,0,0
6,8085f99ed173bb83,1e648cd510883210,0,0,0,0
7,7d04cda277339e94,76bccd128fe50959,0,0,0,0
8,d28ffa7c724481b2,1a8373b97104b873,0,0,0,0
9,3ba8d37a62f15290,e47bdc382ed4dede,0,0,0,0
10,d28ffa7c724481b2,e47bdc382ed4dede,0,0,0,0
11,3ba8d37a62f15290,277d946b4e5b83cc,0,0,0,0
12,8085f99ed173bb83,1a8373b97104b873,0,0,0,0
13,7d04cda277339e94,e47bdc382ed4dede,0,0,0,0
14,8085f99ed173bb83,e47bdc382ed4dede,0,0,0,0
15,7d04cda277339e94,277d946b4e5b83cc,0,0,0,0
16,b3bf277d4513f033,914c03d5d9f1a805,0,0,0,0
17,c1258c54acec286f,4bb495180ccd8a0a,0,0,0,0
18,b3bf277d4513f033,4bb495180ccd8a0a,0,0,0,0
19,c1258c54acec286f,61a6fd27a3264b85,0,0,0,0
20,1004cb101706d386,914c03d5d9f1a805,0,0,0,0
21,a0eff6297d05f888,4bb495180ccd8a0a,0,0,0,0
22,1004cb101706d386,4bb495180ccd8a0a,0,0,0,0
23,a0eff6297d05f888,61a6fd27a3264b85,0,0,0,0
24,b3bf277d4513f033,f7a2517b5b92282f,0,0,0,0
25,c1258c54acec286f,ba717df541e7af38,0,0,0,0
26,b3bf277d4513f033,ba717df541e7af38,0,0,0,0
27,c1258c54acec286f,16f9815ff35f4fec,0,0,0,0
28,1004cb101706d386,f7a2517b5b92282f,0,0,0,0
29,a0eff6297d05f888,ba717df541e7af38,0,0,0,0
30,1004cb101706d386,ba717df541e7af38,0,0,0,0
31,a0eff6297d05f888,16f9815ff35f4fec,0,0,0,0
32,36d4ce55d6c8bece,900ba650b55629db,0,0,0,0
